{"cameraMode":{"drawMode":0,"name":"Shaded","section":"Shading Mode"},"sceneLighting":true,"audioPlay":false,"sceneViewState":{"showFog":true,"showMaterialUpdate":false,"showSkybox":true,"showFlares":true,"showImageEffects":true,"showParticleSystems":true},"in2DMode":false,"pivot":{"x":121.35958862304688,"y":400.88043212890627,"z":-931.6346435546875},"rotation":{"x":0.15082643926143647,"y":-0.14182652533054353,"z":0.021870460361242296,"w":0.9780896902084351},"size":7.576354026794434,"orthographic":false}